Date,Number_comments,Number_labels
2019-10-05,1.0,1.0
2019-10-06,1.0,1.0
2019-10-07,2.0,2.0
2019-10-08,1.0,1.0
2019-10-09,1.0,1.0
2019-10-10,1.0,1.0
2019-10-11,1.0,1.0
2019-10-12,1.0,1.0
2019-10-13,1.0,1.0
2019-10-14,3.0,3.0
2019-10-15,2.0,2.0
2019-10-16,2.0,2.0
2019-10-17,2.0,2.0
2019-10-18,1.0,1.0
2019-10-19,1.0,1.0
2019-10-20,1.0,1.0
2019-10-21,3.0,3.0
2019-10-22,1.0,1.0
2019-10-23,1.0,1.0
2019-10-24,2.0,2.0
2019-10-25,2.0,2.0
2019-10-26,10.0,10.0
2019-10-27,2.0,2.0
2019-10-28,12.0,12.0
2019-10-29,10.0,8.0
2019-10-30,17.0,17.0
2019-10-31,13.0,13.0
2019-11-01,20.0,19.0
2019-11-02,12.0,11.0
2019-11-03,12.0,11.0
2019-11-04,21.0,20.0
2019-11-05,21.0,19.0
2019-11-06,22.0,16.0
2019-11-07,23.0,21.0
2019-11-08,24.0,23.0
2019-11-09,19.0,17.0
2019-11-10,20.0,18.0
2019-11-11,12.0,8.0
2019-11-12,13.0,11.0
2019-11-13,9.0,9.0
2019-11-14,9.0,7.0
2019-11-15,8.0,8.0
2019-11-16,12.0,11.0
2019-11-17,11.0,10.0
2019-11-18,13.0,11.0
2019-11-19,21.0,19.0
2019-11-20,17.0,12.0
2019-11-21,25.0,25.0
2019-11-22,25.0,24.0
2019-11-23,17.0,16.0
2019-11-24,18.0,16.0
2019-11-25,35.0,33.0
2019-11-26,40.0,33.0
2019-11-27,29.0,22.0
2019-11-28,30.0,25.0
2019-11-29,14.0,11.0
2019-11-30,26.0,22.0
2019-12-01,27.0,23.0
2019-12-02,25.0,24.0
2019-12-03,5.0,5.0
2019-12-04,22.0,13.0
2019-12-05,19.0,18.0
2019-12-06,16.0,14.0
2019-12-07,20.0,17.0
2019-12-08,19.0,16.0
2019-12-09,16.0,14.0
2019-12-10,21.0,18.0
2019-12-11,20.0,19.0
2019-12-12,18.0,14.0
2019-12-13,21.0,17.0
2019-12-14,19.0,16.0
2019-12-15,19.0,16.0
2019-12-16,63.0,58.0
2019-12-17,56.0,43.0
2019-12-18,32.0,27.0
2019-12-19,47.0,39.0
2019-12-20,29.0,22.0
2019-12-21,37.0,31.0
2019-12-22,40.0,33.0
2019-12-23,26.0,26.0
2019-12-24,31.0,30.0
2019-12-25,34.0,32.0
2019-12-26,28.0,26.0
2019-12-27,32.0,31.0
2019-12-28,32.0,29.0
2019-12-29,31.0,29.0
2019-12-30,32.0,22.0
2019-12-31,31.0,28.0
2020-01-01,31.0,28.0
2020-01-02,20.0,17.0
2020-01-03,16.0,14.0
2020-01-04,27.0,23.0
2020-01-05,26.0,23.0
2020-01-06,25.0,24.0
2020-01-07,27.0,26.0
2020-01-08,47.0,41.0
2020-01-09,28.0,19.0
2020-01-10,20.0,20.0
2020-01-11,28.0,25.0
2020-01-12,28.0,25.0
2020-01-13,29.0,25.0
2020-01-14,20.0,17.0
2020-01-15,52.0,43.0
2020-01-16,42.0,33.0
2020-01-17,23.0,19.0
2020-01-18,31.0,26.0
2020-01-19,32.0,26.0
2020-01-20,17.0,15.0
2020-01-21,49.0,42.0
2020-01-22,35.0,29.0
2020-01-23,21.0,16.0
2020-01-24,18.0,15.0
2020-01-25,29.0,24.0
2020-01-26,28.0,23.0
2020-01-27,17.0,17.0
2020-01-28,27.0,21.0
2020-01-29,43.0,36.0
2020-01-30,26.0,21.0
2020-01-31,41.0,34.0
2020-02-01,30.0,25.0
2020-02-02,30.0,25.0
2020-02-03,28.0,23.0
2020-02-04,30.0,24.0
2020-02-05,63.0,46.0
2020-02-06,33.0,29.0
2020-02-07,38.0,37.0
2020-02-08,36.0,29.0
2020-02-09,31.0,28.0
2020-02-10,48.0,38.0
2020-02-11,39.0,32.0
2020-02-12,86.0,67.0
2020-02-13,51.0,34.0
2020-02-14,75.0,65.0
2020-02-15,52.0,41.0
2020-02-16,54.0,43.0
2020-02-17,101.0,90.0
2020-02-18,85.0,77.0
2020-02-19,48.0,42.0
2020-02-20,52.0,42.0
2020-02-21,63.0,52.0
2020-02-22,65.0,55.0
2020-02-23,66.0,57.0
2020-02-24,66.0,54.0
2020-02-25,63.0,54.0
2020-02-26,30.0,22.0
2020-02-27,40.0,32.0
2020-02-28,64.0,51.0
2020-02-29,56.0,46.0
2020-03-01,55.0,45.0
2020-03-02,23.0,17.0
2020-03-03,47.0,38.0
2020-03-04,31.0,23.0
2020-03-05,45.0,36.0
2020-03-06,29.0,26.0
2020-03-07,40.0,33.0
2020-03-08,38.0,31.0
2020-03-09,46.0,30.0
2020-03-10,39.0,30.0
2020-03-11,30.0,26.0
2020-03-12,53.0,42.0
2020-03-13,153.0,104.0
2020-03-14,57.0,42.0
2020-03-15,59.0,43.0
2020-03-16,30.0,19.0
2020-03-17,45.0,27.0
2020-03-18,23.0,19.0
2020-03-19,60.0,42.0
2020-03-20,47.0,36.0
2020-03-21,45.0,32.0
2020-03-22,44.0,31.0
2020-03-23,34.0,26.0
2020-03-24,45.0,29.0
2020-03-25,42.0,30.0
2020-03-26,45.0,32.0
2020-03-27,24.0,21.0
2020-03-28,39.0,28.0
2020-03-29,39.0,28.0
2020-03-30,21.0,17.0
2020-03-31,36.0,26.0
2020-04-01,38.0,28.0
2020-04-02,34.0,25.0
2020-04-03,35.0,29.0
2020-04-04,34.0,25.0
2020-04-05,33.0,25.0
2020-04-06,50.0,39.0
2020-04-07,47.0,42.0
2020-04-08,35.0,32.0
2020-04-09,30.0,27.0
2020-04-10,37.0,31.0
2020-04-11,38.0,31.0
2020-04-12,38.0,32.0
2020-04-13,27.0,25.0
2020-04-14,36.0,31.0
2020-04-15,45.0,35.0
2020-04-16,35.0,30.0
2020-04-17,45.0,36.0
2020-04-18,37.0,31.0
2020-04-19,37.0,31.0
2020-04-20,37.0,31.0
2020-04-21,45.0,38.0
2020-04-22,40.0,33.0
2020-04-23,47.0,37.0
2020-04-24,44.0,42.0
2020-04-25,41.0,34.0
2020-04-26,41.0,35.0
2020-04-27,42.0,35.0
2020-04-28,40.0,34.0
2020-04-29,42.0,35.0
2020-04-30,96.0,78.0
2020-05-01,61.0,52.0
2020-05-02,51.0,43.0
2020-05-03,53.0,44.0
2020-05-04,62.0,49.0
2020-05-05,57.0,47.0
2020-05-06,48.0,41.0
2020-05-07,44.0,39.0
2020-05-08,52.0,45.0
2020-05-09,52.0,44.0
2020-05-10,52.0,44.0
2020-05-11,58.0,50.0
2020-05-12,36.0,26.0
2020-05-13,30.0,28.0
2020-05-14,41.0,37.0
2020-05-15,42.0,36.0
2020-05-16,44.0,37.0
2020-05-17,43.0,36.0
2020-05-18,42.0,35.0
2020-05-19,39.0,33.0
2020-05-20,38.0,26.0
2020-05-21,39.0,27.0
2020-05-22,41.0,32.0
2020-05-23,40.0,32.0
2020-05-24,40.0,31.0
2020-05-25,39.0,30.0
2020-05-26,44.0,37.0
2020-05-27,24.0,22.0
2020-05-28,19.0,16.0
2020-05-29,35.0,26.0
2020-05-30,34.0,27.0
2020-05-31,33.0,27.0
2020-06-01,56.0,52.0
2020-06-02,33.0,28.0
2020-06-03,33.0,26.0
2020-06-04,34.0,28.0
2020-06-05,34.0,26.0
2020-06-06,36.0,30.0
2020-06-07,37.0,31.0
2020-06-08,51.0,46.0
2020-06-09,69.0,62.0
2020-06-10,60.0,46.0
2020-06-11,38.0,31.0
2020-06-12,49.0,42.0
2020-06-13,48.0,41.0
2020-06-14,50.0,42.0
2020-06-15,48.0,45.0
2020-06-16,28.0,25.0
2020-06-17,45.0,38.0
2020-06-18,43.0,37.0
2020-06-19,30.0,24.0
2020-06-20,41.0,36.0
2020-06-21,40.0,35.0
2020-06-22,39.0,34.0
2020-06-23,29.0,25.0
2020-06-24,38.0,32.0
2020-06-25,24.0,22.0
2020-06-26,36.0,32.0
2020-06-27,35.0,30.0
2020-06-28,34.0,30.0
2020-06-29,33.0,29.0
2020-06-30,32.0,28.0
2020-07-01,19.0,17.0
2020-07-02,30.0,26.0
2020-07-03,23.0,17.0
2020-07-04,29.0,25.0
2020-07-05,28.0,24.0
2020-07-06,27.0,23.0
2020-07-07,38.0,36.0
2020-07-08,35.0,30.0
2020-07-09,33.0,31.0
2020-07-10,30.0,26.0
2020-07-11,31.0,27.0
2020-07-12,31.0,28.0
2020-07-13,32.0,28.0
2020-07-14,32.0,29.0
2020-07-15,32.0,28.0
2020-07-16,19.0,18.0
2020-07-17,38.0,32.0
2020-07-18,30.0,27.0
2020-07-19,30.0,27.0
2020-07-20,28.0,23.0
2020-07-21,29.0,26.0
2020-07-22,29.0,25.0
2020-07-23,51.0,34.0
2020-07-24,33.0,27.0
2020-07-25,32.0,27.0
2020-07-26,33.0,27.0
2020-07-27,33.0,23.0
2020-07-28,47.0,39.0
2020-07-29,35.0,31.0
2020-07-30,32.0,28.0
2020-07-31,39.0,35.0
2020-08-01,35.0,30.0
2020-08-02,36.0,30.0
2020-08-03,62.0,46.0
2020-08-04,45.0,41.0
2020-08-05,40.0,37.0
2020-08-06,55.0,52.0
2020-08-07,31.0,27.0
2020-08-08,43.0,37.0
2020-08-09,44.0,38.0
2020-08-10,37.0,33.0
2020-08-11,30.0,25.0
2020-08-12,40.0,35.0
2020-08-13,34.0,30.0
2020-08-14,43.0,36.0
2020-08-15,38.0,33.0
2020-08-16,38.0,32.0
2020-08-17,37.0,32.0
2020-08-18,31.0,26.0
2020-08-19,37.0,32.0
2020-08-20,36.0,31.0
2020-08-21,31.0,30.0
2020-08-22,35.0,30.0
2020-08-23,35.0,30.0
2020-08-24,34.0,30.0
2020-08-25,28.0,26.0
2020-08-26,33.0,29.0
2020-08-27,37.0,31.0
2020-08-28,35.0,34.0
2020-08-29,33.0,30.0
2020-08-30,33.0,30.0
2020-08-31,24.0,22.0
2020-09-01,41.0,38.0
2020-09-02,30.0,23.0
2020-09-03,36.0,31.0
2020-09-04,33.0,29.0
2020-09-05,32.0,29.0
2020-09-06,32.0,28.0
2020-09-07,42.0,30.0
2020-09-08,41.0,36.0
2020-09-09,35.0,29.0
2020-09-10,35.0,30.0
2020-09-11,51.0,47.0
2020-09-12,38.0,32.0
2020-09-13,39.0,33.0
2020-09-14,26.0,26.0
2020-09-15,41.0,39.0
2020-09-16,29.0,28.0
2020-09-17,37.0,33.0
2020-09-18,34.0,30.0
2020-09-19,34.0,31.0
2020-09-20,34.0,31.0
2020-09-21,30.0,26.0
2020-09-22,38.0,35.0
2020-09-23,30.0,30.0
2020-09-24,34.0,31.0
2020-09-25,30.0,25.0
2020-09-26,32.0,29.0
2020-09-27,32.0,29.0
2020-09-28,32.0,29.0
2020-09-29,32.0,29.0
2020-09-30,34.0,32.0
2020-10-01,18.0,17.0
2020-10-02,25.0,21.0
2020-10-03,29.0,26.0
2020-10-04,28.0,26.0
2020-10-05,28.0,25.0
2020-10-06,25.0,16.0
2020-10-07,21.0,20.0
2020-10-08,24.0,21.0
2020-10-09,20.0,20.0
2020-10-10,25.0,22.0
2020-10-11,24.0,21.0
2020-10-12,31.0,26.0
2020-10-13,29.0,27.0
2020-10-14,24.0,22.0
2020-10-15,18.0,17.0
2020-10-16,24.0,22.0
2020-10-17,25.0,22.0
2020-10-18,25.0,22.0
2020-10-19,25.0,22.0
2020-10-20,21.0,18.0
2020-10-21,31.0,27.0
2020-10-22,29.0,27.0
2020-10-23,38.0,32.0
2020-10-24,27.0,24.0
2020-10-25,28.0,24.0
2020-10-26,29.0,26.0
2020-10-27,39.0,36.0
2020-10-28,22.0,19.0
2020-10-29,31.0,28.0
2020-10-30,39.0,31.0
2020-10-31,30.0,26.0
2020-11-01,31.0,27.0
2020-11-02,33.0,25.0
2020-11-03,32.0,27.0
2020-11-04,31.0,26.0
2020-11-05,32.0,27.0
2020-11-06,21.0,17.0
2020-11-07,30.0,25.0
2020-11-08,30.0,24.0
2020-11-09,32.0,27.0
2020-11-10,29.0,24.0
2020-11-11,29.0,24.0
2020-11-12,29.0,24.0
2020-11-13,30.0,23.0
2020-11-14,29.0,24.0
2020-11-15,29.0,24.0
2020-11-16,29.0,24.0
2020-11-17,29.0,23.0
2020-11-18,43.0,33.0
2020-11-19,31.0,25.0
2020-11-20,32.0,25.0
2020-11-21,31.0,25.0
2020-11-22,32.0,25.0
2020-11-23,44.0,38.0
2020-11-24,34.0,27.0
2020-11-25,35.0,28.0
2020-11-26,34.0,27.0
2020-11-27,12.0,9.0
2020-11-28,31.0,25.0
2020-11-29,31.0,25.0
2020-11-30,31.0,25.0
2020-12-01,29.0,23.0
2020-12-02,28.0,25.0
2020-12-03,28.0,22.0
2020-12-04,19.0,18.0
2020-12-05,28.0,23.0
2020-12-06,27.0,23.0
2020-12-07,27.0,22.0
2020-12-08,26.0,22.0
2020-12-09,27.0,21.0
2020-12-10,26.0,21.0
2020-12-11,38.0,34.0
2020-12-12,28.0,23.0
2020-12-13,28.0,23.0
2020-12-14,28.0,23.0
2020-12-15,28.0,23.0
2020-12-16,29.0,24.0
2020-12-17,29.0,24.0
2020-12-18,29.0,24.0
2020-12-19,28.0,23.0
2020-12-20,28.0,23.0
2020-12-21,28.0,23.0
2020-12-22,28.0,23.0
2020-12-23,28.0,23.0
2020-12-24,28.0,23.0
2020-12-25,28.0,23.0
2020-12-26,28.0,23.0
2020-12-27,28.0,23.0
2020-12-28,28.0,23.0
2020-12-29,28.0,23.0
2020-12-30,28.0,23.0
2020-12-31,28.0,23.0
2021-01-01,40.0,36.0
2021-01-02,29.0,24.0
2021-01-03,29.0,25.0
2021-01-04,71.0,60.0
2021-01-05,41.0,33.0
2021-01-06,68.0,49.0
2021-01-07,43.0,35.0
2021-01-08,93.0,78.0
2021-01-09,53.0,43.0
2021-01-10,56.0,46.0
2021-01-11,48.0,33.0
2021-01-12,57.0,45.0
2021-01-13,59.0,47.0
2021-01-14,84.0,66.0
2021-01-15,64.0,51.0
2021-01-16,60.0,47.0
2021-01-17,61.0,47.0
2021-01-18,42.0,33.0
2021-01-19,43.0,36.0
2021-01-20,44.0,38.0
2021-01-21,56.0,45.0
2021-01-22,41.0,37.0
2021-01-23,49.0,40.0
2021-01-24,48.0,39.0
2021-01-25,55.0,50.0
2021-01-26,55.0,44.0
2021-01-27,49.0,41.0
2021-01-28,5.0,4.0
2021-01-29,43.0,36.0
2021-01-30,43.0,36.0
2021-01-31,42.0,35.0
2021-02-01,72.0,57.0
2021-02-02,67.0,51.0
2021-02-03,45.0,39.0
2021-02-04,55.0,50.0
2021-02-05,52.0,43.0
2021-02-06,53.0,44.0
2021-02-07,55.0,45.0
2021-02-08,40.0,34.0
2021-02-09,90.0,72.0
2021-02-10,112.0,100.0
2021-02-11,163.0,139.0
2021-02-12,137.0,106.0
2021-02-13,92.0,77.0
2021-02-14,98.0,81.0
2021-02-15,94.0,78.0
2021-02-16,107.0,86.0
2021-02-17,96.0,81.0
2021-02-18,82.0,64.0
2021-02-19,121.0,101.0
2021-02-20,98.0,81.0
2021-02-21,99.0,81.0
2021-02-22,106.0,76.0
2021-02-23,111.0,82.0
2021-02-24,101.0,80.0
2021-02-25,102.0,80.0
2021-02-26,64.0,52.0
2021-02-27,97.0,76.0
2021-02-28,97.0,75.0
2021-03-01,78.0,66.0
2021-03-02,112.0,100.0
2021-03-03,92.0,77.0
2021-03-04,10.0,8.0
2021-03-05,65.0,53.0
2021-03-06,78.0,65.0
2021-03-07,76.0,63.0
2021-03-08,37.0,29.0
2021-03-09,89.0,79.0
2021-03-10,53.0,43.0
2021-03-11,86.0,73.0
2021-03-12,58.0,46.0
2021-03-13,68.0,56.0
2021-03-14,66.0,55.0
2021-03-15,93.0,68.0
2021-03-16,73.0,60.0
2021-03-17,49.0,44.0
2021-03-18,55.0,47.0
2021-03-19,140.0,111.0
2021-03-20,77.0,63.0
2021-03-21,79.0,64.0
2021-03-22,151.0,123.0
2021-03-23,132.0,102.0
2021-03-24,132.0,101.0
2021-03-25,95.0,70.0
2021-03-26,115.0,90.0
2021-03-27,111.0,87.0
2021-03-28,116.0,91.0
2021-03-29,121.0,94.0
2021-03-30,89.0,79.0
2021-03-31,111.0,87.0
2021-04-01,108.0,85.0
2021-04-02,95.0,81.0
2021-04-03,107.0,86.0
2021-04-04,106.0,86.0
2021-04-05,90.0,74.0
2021-04-06,245.0,223.0
2021-04-07,122.0,100.0
2021-04-08,70.0,58.0
2021-04-09,70.0,61.0
2021-04-10,115.0,98.0
2021-04-11,116.0,100.0
2021-04-12,135.0,116.0
2021-04-13,124.0,108.0
2021-04-14,123.0,109.0
2021-04-15,98.0,87.0
2021-04-16,102.0,79.0
2021-04-17,116.0,99.0
2021-04-18,116.0,99.0
2021-04-19,116.0,99.0
2021-04-20,110.0,97.0
2021-04-21,88.0,79.0
2021-04-22,96.0,82.0
2021-04-23,190.0,156.0
2021-04-24,118.0,101.0
2021-04-25,119.0,101.0
2021-04-26,133.0,108.0
2021-04-27,128.0,108.0
2021-04-28,101.0,91.0
2021-04-29,126.0,106.0
2021-04-30,121.0,107.0
2021-05-01,120.0,103.0
2021-05-02,121.0,103.0
2021-05-03,91.0,81.0
2021-05-04,90.0,80.0
2021-05-05,110.0,95.0
2021-05-06,112.0,103.0
2021-05-07,109.0,96.0
2021-05-08,107.0,94.0
2021-05-09,105.0,93.0
2021-05-10,103.0,91.0
2021-05-11,105.0,93.0
2021-05-12,107.0,95.0
2021-05-13,102.0,79.0
2021-05-14,70.0,58.0
2021-05-15,99.0,86.0
2021-05-16,98.0,85.0
2021-05-17,124.0,99.0
2021-05-18,107.0,90.0
2021-05-19,134.0,90.0
2021-05-20,104.0,83.0
2021-05-21,63.0,59.0
2021-05-22,104.0,84.0
2021-05-23,104.0,84.0
2021-05-24,64.0,55.0
2021-05-25,72.0,61.0
2021-05-26,103.0,87.0
2021-05-27,73.0,60.0
2021-05-28,83.0,70.0
2021-05-29,86.0,71.0
2021-05-30,83.0,69.0
2021-05-31,65.0,53.0
2021-06-01,38.0,34.0
2021-06-02,75.0,63.0
2021-06-03,42.0,37.0
2021-06-04,67.0,56.0
2021-06-05,65.0,54.0
2021-06-06,62.0,52.0
2021-06-07,59.0,49.0
2021-06-08,58.0,49.0
2021-06-09,28.0,22.0
2021-06-10,54.0,45.0
2021-06-11,56.0,46.0
2021-06-12,54.0,45.0
2021-06-13,53.0,44.0
2021-06-14,37.0,28.0
2021-06-15,42.0,37.0
2021-06-16,47.0,41.0
2021-06-17,53.0,48.0
2021-06-18,48.0,41.0
2021-06-19,47.0,40.0
2021-06-20,46.0,39.0
2021-06-21,38.0,31.0
2021-06-22,45.0,39.0
2021-06-23,59.0,53.0
2021-06-24,48.0,41.0
2021-06-25,47.0,42.0
2021-06-26,47.0,40.0
2021-06-27,47.0,40.0
2021-06-28,20.0,19.0
2021-06-29,44.0,39.0
2021-06-30,32.0,25.0
2021-07-01,40.0,35.0
2021-07-02,39.0,34.0
2021-07-03,38.0,33.0
2021-07-04,37.0,32.0
2021-07-05,26.0,21.0
2021-07-06,36.0,31.0
2021-07-07,45.0,36.0
2021-07-08,37.0,31.0
2021-07-09,36.0,31.0
2021-07-10,36.0,30.0
2021-07-11,36.0,30.0
2021-07-12,30.0,26.0
2021-07-13,36.0,30.0
2021-07-14,36.0,30.0
2021-07-15,35.0,29.0
2021-07-16,35.0,29.0
2021-07-17,34.0,29.0
2021-07-18,34.0,29.0
2021-07-19,16.0,14.0
2021-07-20,32.0,27.0
2021-07-21,20.0,17.0
2021-07-22,35.0,25.0
2021-07-23,20.0,17.0
2021-07-24,27.0,22.0
2021-07-25,26.0,21.0
2021-07-26,58.0,48.0
2021-07-27,33.0,28.0
2021-07-28,31.0,25.0
2021-07-29,32.0,26.0
2021-07-30,45.0,37.0
2021-07-31,36.0,29.0
2021-08-01,37.0,30.0
2021-08-02,38.0,31.0
2021-08-03,36.0,29.0
2021-08-04,25.0,21.0
2021-08-05,35.0,29.0
2021-08-06,36.0,29.0
2021-08-07,34.0,28.0
2021-08-08,34.0,28.0
2021-08-09,47.0,41.0
2021-08-10,35.0,29.0
2021-08-11,35.0,29.0
2021-08-12,36.0,31.0
2021-08-13,35.0,32.0
2021-08-14,36.0,31.0
2021-08-15,36.0,31.0
2021-08-16,37.0,32.0
2021-08-17,35.0,30.0
2021-08-18,35.0,30.0
2021-08-19,44.0,38.0
2021-08-20,36.0,32.0
2021-08-21,37.0,32.0
2021-08-22,37.0,32.0
2021-08-23,49.0,44.0
2021-08-24,39.0,34.0
2021-08-25,39.0,34.0
2021-08-26,89.0,77.0
2021-08-27,46.0,40.0
2021-08-28,48.0,41.0
2021-08-29,49.0,43.0
2021-08-30,46.0,33.0
2021-08-31,50.0,43.0
2021-09-01,71.0,60.0
2021-09-02,57.0,53.0
2021-09-03,68.0,54.0
2021-09-04,55.0,46.0
2021-09-05,56.0,47.0
2021-09-06,72.0,61.0
2021-09-07,61.0,52.0
2021-09-08,71.0,55.0
2021-09-09,62.0,52.0
2021-09-10,63.0,52.0
2021-09-11,62.0,52.0
2021-09-12,63.0,53.0
2021-09-13,64.0,53.0
2021-09-14,60.0,53.0
2021-09-15,50.0,37.0
2021-09-16,55.0,42.0
2021-09-17,59.0,48.0
2021-09-18,59.0,48.0
2021-09-19,58.0,47.0
2021-09-20,47.0,33.0
2021-09-21,62.0,50.0
2021-09-22,51.0,37.0
2021-09-23,57.0,48.0
2021-09-24,57.0,36.0
2021-09-25,55.0,42.0
2021-09-26,55.0,41.0
2021-09-27,100.0,75.0
2021-09-28,218.0,152.0
2021-09-29,98.0,78.0
2021-09-30,91.0,67.0
2021-10-01,68.0,55.0
2021-10-02,122.0,100.0
2021-10-03,107.0,81.0
2021-10-04,54.0,45.0
2021-10-05,62.0,49.0
2021-10-06,86.0,67.0
2021-10-07,37.0,35.0
2021-10-08,76.0,61.0
2021-10-09,77.0,62.0
2021-10-10,71.0,57.0
2021-10-11,66.0,53.0
2021-10-12,43.0,32.0
2021-10-13,65.0,52.0
2021-10-14,61.0,47.0
2021-10-15,62.0,49.0
2021-10-16,63.0,50.0
2021-10-17,61.0,48.0
2021-10-18,75.0,67.0
2021-10-19,64.0,53.0
2021-10-20,79.0,67.0
2021-10-21,68.0,56.0
2021-10-22,102.0,89.0
2021-10-23,73.0,61.0
2021-10-24,74.0,63.0
2021-10-25,72.0,63.0
2021-10-26,60.0,56.0
2021-10-27,93.0,74.0
2021-10-28,67.0,60.0
2021-10-29,92.0,80.0
2021-10-30,75.0,65.0
2021-10-31,76.0,65.0
2021-11-01,59.0,49.0
2021-11-02,116.0,90.0
2021-11-03,103.0,92.0
2021-11-04,53.0,48.0
2021-11-05,80.0,70.0
2021-11-06,80.0,68.0
2021-11-07,81.0,68.0
2021-11-08,227.0,206.0
2021-11-09,241.0,224.0
2021-11-10,214.0,193.0
2021-11-11,183.0,164.0
2021-11-12,154.0,133.0
2021-11-13,168.0,150.0
2021-11-14,181.0,162.0
2021-11-15,210.0,189.0
2021-11-16,198.0,177.0
2021-11-17,245.0,231.0
2021-11-18,121.0,109.0
2021-11-19,190.0,178.0
2021-11-20,187.0,170.0
2021-11-21,190.0,173.0
2021-11-22,152.0,127.0
2021-11-23,207.0,173.0
2021-11-24,187.0,156.0
2021-11-25,190.0,147.0
2021-11-26,140.0,109.0
2021-11-27,179.0,150.0
2021-11-28,177.0,147.0
2021-11-29,110.0,84.0
2021-11-30,142.0,127.0
2021-12-01,136.0,120.0
2021-12-02,126.0,99.0
2021-12-03,135.0,107.0
2021-12-04,143.0,119.0
2021-12-05,138.0,114.0
2021-12-06,107.0,80.0
2021-12-07,165.0,150.0
2021-12-08,151.0,131.0
2021-12-09,80.0,67.0
2021-12-10,131.0,109.0
2021-12-11,130.0,110.0
2021-12-12,128.0,108.0
2021-12-13,136.0,120.0
2021-12-14,105.0,88.0
2021-12-15,83.0,67.0
2021-12-16,66.0,58.0
2021-12-17,111.0,94.0
2021-12-18,108.0,92.0
2021-12-19,105.0,89.0
2021-12-20,106.0,85.0
2021-12-21,81.0,70.0
2021-12-22,79.0,68.0
2021-12-23,78.0,71.0
2021-12-24,90.0,76.0
2021-12-25,92.0,78.0
2021-12-26,90.0,76.0
2021-12-27,78.0,66.0
2021-12-28,148.0,126.0
2021-12-29,142.0,130.0
2021-12-30,100.0,88.0
2021-12-31,133.0,124.0
2022-01-01,137.0,129.0
2022-01-02,118.0,105.0
2022-01-03,101.0,94.0
2022-01-04,91.0,76.0
2022-01-05,123.0,111.0
2022-01-06,90.0,65.0
2022-01-07,134.0,118.0
2022-01-08,113.0,99.0
2022-01-09,110.0,95.0
2022-01-10,140.0,111.0
2022-01-11,75.0,70.0
2022-01-12,73.0,59.0
2022-01-13,68.0,60.0
2022-01-14,72.0,66.0
2022-01-15,93.0,80.0
2022-01-16,90.0,77.0
2022-01-17,72.0,55.0
2022-01-18,54.0,42.0
2022-01-19,58.0,52.0
2022-01-20,50.0,46.0
2022-01-21,107.0,69.0
2022-01-22,74.0,60.0
2022-01-23,72.0,57.0
2022-01-24,108.0,83.0
2022-01-25,86.0,66.0
2022-01-26,79.0,61.0
2022-01-27,52.0,41.0
2022-01-28,82.0,62.0
2022-01-29,79.0,61.0
2022-01-30,79.0,61.0
2022-01-31,44.0,37.0
2022-02-01,44.0,38.0
2022-02-02,65.0,51.0
2022-02-03,62.0,57.0
2022-02-04,65.0,52.0
2022-02-05,62.0,51.0
2022-02-06,60.0,49.0
2022-02-07,94.0,81.0
2022-02-08,47.0,43.0
2022-02-09,120.0,97.0
2022-02-10,114.0,99.0
2022-02-11,53.0,45.0
2022-02-12,78.0,66.0
2022-02-13,80.0,68.0
2022-02-14,46.0,37.0
2022-02-15,88.0,77.0
2022-02-16,92.0,81.0
2022-02-17,107.0,89.0
2022-02-18,80.0,62.0
2022-02-19,81.0,68.0
2022-02-20,82.0,68.0
2022-02-21,167.0,148.0
2022-02-22,93.0,62.0
2022-02-23,81.0,72.0
2022-02-24,100.0,65.0
2022-02-25,100.0,82.0
2022-02-26,100.0,80.0
2022-02-27,103.0,82.0
2022-02-28,70.0,66.0
2022-03-01,90.0,78.0
2022-03-02,65.0,54.0
2022-03-03,89.0,72.0
2022-03-04,51.0,38.0
2022-03-05,81.0,67.0
2022-03-06,78.0,65.0
2022-03-07,67.0,45.0
2022-03-08,50.0,48.0
2022-03-09,54.0,45.0
2022-03-10,67.0,54.0
2022-03-11,39.0,34.0
2022-03-12,62.0,51.0
2022-03-13,59.0,48.0
2022-03-14,52.0,41.0
2022-03-15,73.0,60.0
2022-03-16,58.0,47.0
2022-03-17,38.0,36.0
2022-03-18,66.0,62.0
2022-03-19,58.0,49.0
2022-03-20,57.0,49.0
2022-03-21,102.0,90.0
2022-03-22,117.0,96.0
2022-03-23,79.0,73.0
2022-03-24,114.0,100.0
2022-03-25,117.0,107.0
2022-03-26,92.0,80.0
2022-03-27,96.0,85.0
2022-03-28,146.0,130.0
2022-03-29,90.0,76.0
2022-03-30,104.0,93.0
2022-03-31,114.0,104.0
2022-04-01,84.0,71.0
2022-04-02,103.0,91.0
2022-04-03,105.0,92.0
2022-04-04,207.0,194.0
2022-04-05,63.0,60.0
2022-04-06,77.0,58.0
2022-04-07,84.0,67.0
2022-04-08,103.0,90.0
2022-04-09,106.0,93.0
2022-04-10,106.0,93.0
2022-04-11,106.0,93.0
2022-04-12,92.0,79.0
2022-04-13,50.0,38.0
2022-04-14,41.0,36.0
2022-04-15,38.0,28.0
2022-04-16,77.0,65.0
2022-04-17,72.0,61.0
2022-04-18,68.0,57.0
2022-04-19,81.0,74.0
2022-04-20,50.0,44.0
2022-04-21,75.0,62.0
2022-04-22,65.0,55.0
2022-04-23,69.0,59.0
2022-04-24,68.0,58.0
2022-04-25,68.0,58.0
2022-04-26,72.0,57.0
2022-04-27,51.0,39.0
2022-04-28,47.0,40.0
2022-04-29,40.0,27.0
2022-04-30,59.0,48.0
2022-05-01,57.0,46.0
2022-05-02,60.0,50.0
2022-05-03,137.0,118.0
2022-05-04,64.0,52.0
2022-05-05,66.0,54.0
2022-05-06,69.0,56.0
2022-05-07,73.0,60.0
2022-05-08,75.0,62.0
2022-05-09,77.0,64.0
2022-05-10,66.0,54.0
2022-05-11,115.0,75.0
2022-05-12,98.0,59.0
2022-05-13,62.0,38.0
2022-05-14,80.0,58.0
2022-05-15,81.0,58.0
2022-05-16,82.0,58.0
2022-05-17,83.0,57.0
2022-05-18,41.0,31.0
2022-05-19,75.0,51.0
2022-05-20,55.0,45.0
2022-05-21,71.0,51.0
2022-05-22,69.0,50.0
2022-05-23,39.0,33.0
2022-05-24,68.0,54.0
2022-05-25,61.0,56.0
2022-05-26,38.0,34.0
2022-05-27,39.0,33.0
2022-05-28,55.0,44.0
2022-05-29,52.0,43.0
2022-05-30,50.0,42.0
2022-05-31,51.0,43.0
2022-06-01,64.0,62.0
2022-06-02,49.0,43.0
2022-06-03,51.0,44.0
2022-06-04,53.0,45.0
2022-06-05,52.0,46.0
2022-06-06,52.0,46.0
2022-06-07,35.0,28.0
2022-06-08,50.0,44.0
2022-06-09,75.0,67.0
2022-06-10,52.0,45.0
2022-06-11,52.0,45.0
2022-06-12,52.0,45.0
2022-06-13,79.0,47.0
2022-06-14,67.0,42.0
2022-06-15,107.0,70.0
2022-06-16,69.0,51.0
2022-06-17,65.0,48.0
2022-06-18,70.0,49.0
2022-06-19,72.0,50.0
2022-06-20,39.0,28.0
2022-06-21,69.0,48.0
2022-06-22,70.0,49.0
2022-06-23,64.0,46.0
2022-06-24,62.0,55.0
2022-06-25,63.0,46.0
2022-06-26,62.0,46.0
2022-06-27,51.0,44.0
2022-06-28,63.0,47.0
2022-06-29,40.0,34.0
2022-06-30,57.0,45.0
2022-07-01,41.0,33.0
2022-07-02,53.0,42.0
2022-07-03,52.0,41.0
2022-07-04,25.0,20.0
2022-07-05,37.0,28.0
2022-07-06,43.0,34.0
2022-07-07,44.0,34.0
2022-07-08,46.0,42.0
2022-07-09,42.0,34.0
2022-07-10,41.0,33.0
2022-07-11,26.0,26.0
2022-07-12,39.0,33.0
2022-07-13,52.0,43.0
2022-07-14,41.0,35.0
2022-07-15,23.0,18.0
2022-07-16,37.0,31.0
2022-07-17,37.0,31.0
2022-07-18,41.0,38.0
2022-07-19,38.0,32.0
2022-07-20,41.0,34.0
2022-07-21,36.0,31.0
2022-07-22,36.0,30.0
2022-07-23,38.0,32.0
2022-07-24,38.0,32.0
2022-07-25,38.0,32.0
2022-07-26,26.0,23.0
2022-07-27,36.0,30.0
2022-07-28,26.0,22.0
2022-07-29,28.0,16.0
2022-07-30,32.0,26.0
2022-07-31,32.0,25.0
2022-08-01,17.0,14.0
2022-08-02,22.0,17.0
2022-08-03,27.0,21.0
2022-08-04,20.0,16.0
2022-08-05,26.0,23.0
2022-08-06,25.0,20.0
2022-08-07,24.0,19.0
2022-08-08,23.0,18.0
2022-08-09,18.0,14.0
2022-08-10,24.0,22.0
2022-08-11,43.0,32.0
2022-08-12,33.0,28.0
2022-08-13,27.0,21.0
2022-08-14,27.0,22.0
2022-08-15,27.0,22.0
2022-08-16,28.0,23.0
2022-08-17,29.0,24.0
2022-08-18,35.0,28.0
2022-08-19,29.0,24.0
2022-08-20,28.0,23.0
2022-08-21,29.0,23.0
2022-08-22,29.0,23.0
2022-08-23,32.0,26.0
2022-08-24,49.0,46.0
2022-08-25,33.0,27.0
2022-08-26,32.0,31.0
2022-08-27,33.0,28.0
2022-08-28,33.0,29.0
2022-08-29,34.0,30.0
2022-08-30,38.0,33.0
2022-08-31,36.0,32.0
2022-09-01,24.0,22.0
2022-09-02,32.0,29.0
2022-09-03,32.0,29.0
2022-09-04,32.0,29.0
2022-09-05,32.0,29.0
2022-09-06,45.0,40.0
2022-09-07,33.0,30.0
2022-09-08,30.0,28.0
2022-09-09,33.0,30.0
2022-09-10,33.0,30.0
2022-09-11,34.0,30.0
2022-09-12,27.0,25.0
2022-09-13,33.0,30.0
2022-09-14,23.0,16.0
2022-09-15,30.0,27.0
2022-09-16,30.0,26.0
2022-09-17,30.0,26.0
2022-09-18,29.0,25.0
2022-09-19,35.0,24.0
2022-09-20,20.0,16.0
2022-09-21,28.0,22.0
2022-09-22,25.0,19.0
2022-09-23,25.0,21.0
2022-09-24,27.0,21.0
2022-09-25,27.0,21.0
2022-09-26,80.0,71.0
2022-09-27,18.0,14.0
2022-09-28,24.0,21.0
2022-09-29,32.0,26.0
2022-09-30,33.0,27.0
2022-10-01,34.0,28.0
2022-10-02,35.0,29.0
2022-10-03,36.0,30.0
2022-10-04,24.0,21.0
2022-10-05,29.0,22.0
2022-10-06,31.0,26.0
2022-10-07,24.0,22.0
2022-10-08,30.0,25.0
2022-10-09,29.0,25.0
2022-10-10,32.0,26.0
2022-10-11,28.0,23.0
2022-10-12,28.0,23.0
2022-10-13,28.0,24.0
2022-10-14,31.0,25.0
2022-10-15,29.0,24.0
2022-10-16,29.0,24.0
2022-10-17,31.0,23.0
2022-10-18,29.0,23.0
2022-10-19,38.0,33.0
2022-10-20,30.0,25.0
2022-10-21,37.0,33.0
2022-10-22,31.0,26.0
2022-10-23,32.0,26.0
2022-10-24,32.0,27.0
2022-10-25,28.0,23.0
2022-10-26,32.0,27.0
2022-10-27,31.0,26.0
2022-10-28,27.0,21.0
2022-10-29,30.0,25.0
2022-10-30,30.0,25.0
2022-10-31,26.0,23.0
2022-11-01,50.0,44.0
2022-11-02,48.0,46.0
2022-11-03,30.0,25.0
2022-11-04,30.0,21.0
2022-11-05,34.0,29.0
2022-11-06,35.0,30.0
2022-11-07,30.0,24.0
2022-11-08,39.0,26.0
2022-11-09,35.0,28.0
2022-11-10,58.0,47.0
2022-11-11,44.0,29.0
2022-11-12,39.0,30.0
2022-11-13,40.0,30.0
2022-11-14,59.0,30.0
2022-11-15,44.0,31.0
2022-11-16,28.0,18.0
2022-11-17,44.0,30.0
2022-11-18,19.0,17.0
2022-11-19,39.0,26.0
2022-11-20,39.0,26.0
2022-11-21,23.0,18.0
2022-11-22,33.0,23.0
2022-11-23,38.0,32.0
2022-11-24,33.0,24.0
2022-11-25,32.0,23.0
2022-11-26,33.0,24.0
2022-11-27,33.0,24.0
2022-11-28,27.0,21.0
2022-11-29,32.0,24.0
2022-11-30,32.0,24.0
2022-12-01,56.0,53.0
2022-12-02,49.0,42.0
2022-12-03,37.0,30.0
2022-12-04,38.0,31.0
2022-12-05,38.0,32.0
2022-12-06,40.0,33.0
2022-12-07,18.0,16.0
2022-12-08,39.0,33.0
2022-12-09,34.0,32.0
2022-12-10,34.0,29.0
2022-12-11,34.0,29.0
2022-12-12,35.0,33.0
2022-12-13,37.0,33.0
2022-12-14,20.0,19.0
2022-12-15,25.0,19.0
2022-12-16,26.0,16.0
2022-12-17,30.0,25.0
2022-12-18,29.0,24.0
2022-12-19,28.0,24.0
2022-12-20,27.0,23.0
2022-12-21,19.0,15.0
2022-12-22,26.0,20.0
2022-12-23,26.0,21.0
2022-12-24,26.0,21.0
2022-12-25,25.0,21.0
2022-12-26,34.0,23.0
2022-12-27,26.0,20.0
2022-12-28,22.0,18.0
2022-12-29,26.0,20.0
2022-12-30,35.0,29.0
2022-12-31,27.0,21.0
2023-01-01,27.0,21.0
2023-01-02,29.0,29.0
2023-01-03,27.0,22.0
2023-01-04,21.0,19.0
2023-01-05,27.0,23.0
2023-01-06,25.0,21.0
2023-01-07,26.0,22.0
2023-01-08,26.0,22.0
2023-01-09,28.0,23.0
2023-01-10,25.0,21.0
2023-01-11,29.0,22.0
2023-01-12,38.0,28.0
2023-01-13,50.0,45.0
2023-01-14,31.0,26.0
2023-01-15,32.0,26.0
2023-01-16,41.0,34.0
2023-01-17,83.0,72.0
2023-01-18,43.0,36.0
2023-01-19,48.0,39.0
2023-01-20,41.0,38.0
2023-01-21,45.0,38.0
2023-01-22,47.0,40.0
2023-01-23,72.0,66.0
2023-01-24,112.0,104.0
2023-01-25,58.0,51.0
2023-01-26,49.0,43.0
2023-01-27,33.0,27.0
2023-01-28,59.0,52.0
2023-01-29,61.0,54.0
2023-01-30,48.0,40.0
2023-01-31,76.0,73.0
2023-02-01,49.0,45.0
2023-02-02,53.0,48.0
2023-02-03,48.0,46.0
2023-02-04,56.0,51.0
2023-02-05,55.0,51.0
2023-02-06,72.0,67.0
2023-02-07,58.0,54.0
2023-02-08,49.0,42.0
2023-02-09,45.0,41.0
2023-02-10,31.0,30.0
2023-02-11,52.0,48.0
2023-02-12,51.0,47.0
2023-02-13,51.0,47.0
2023-02-14,29.0,25.0
2023-02-15,39.0,36.0
2023-02-16,100.0,85.0
2023-02-17,42.0,38.0
2023-02-18,52.0,46.0
2023-02-19,52.0,46.0
2023-02-20,58.0,48.0
2023-02-21,45.0,42.0
2023-02-22,28.0,26.0
2023-02-23,53.0,47.0
2023-02-24,34.0,30.0
2023-02-25,46.0,40.0
2023-02-26,45.0,39.0
2023-02-27,50.0,44.0
2023-02-28,43.0,38.0
2023-03-01,72.0,70.0
2023-03-02,35.0,33.0
2023-03-03,39.0,29.0
2023-03-04,47.0,41.0
2023-03-05,47.0,42.0
2023-03-06,51.0,44.0
2023-03-07,38.0,34.0
2023-03-08,47.0,41.0
2023-03-09,43.0,37.0
2023-03-10,48.0,40.0
2023-03-11,45.0,39.0
2023-03-12,45.0,39.0
2023-03-13,30.0,26.0
2023-03-14,42.0,36.0
2023-03-15,34.0,29.0
2023-03-16,41.0,35.0
2023-03-17,37.0,24.0
2023-03-18,39.0,32.0
2023-03-19,38.0,31.0
2023-03-20,50.0,44.0
2023-03-21,40.0,33.0
2023-03-22,33.0,32.0
2023-03-23,58.0,54.0
2023-03-24,32.0,29.0
2023-03-25,41.0,36.0
2023-03-26,41.0,37.0
2023-03-27,42.0,37.0
2023-03-28,31.0,24.0
2023-03-29,33.0,26.0
2023-03-30,39.0,34.0
2023-03-31,62.0,46.0
2023-04-01,41.0,34.0
2023-04-02,41.0,34.0
2023-04-03,29.0,23.0
2023-04-04,15.0,14.0
2023-04-05,40.0,34.0
2023-04-06,38.0,31.0
2023-04-07,22.0,18.0
2023-04-08,32.0,26.0
2023-04-09,31.0,25.0
2023-04-10,29.0,24.0
2023-04-11,92.0,71.0
2023-04-12,40.0,32.0
2023-04-13,91.0,86.0
2023-04-14,64.0,57.0
2023-04-15,54.0,45.0
2023-04-16,57.0,48.0
2023-04-17,61.0,51.0
2023-04-18,65.0,55.0
2023-04-19,61.0,53.0
2023-04-20,64.0,56.0
2023-04-21,44.0,42.0
2023-04-22,58.0,50.0
2023-04-23,58.0,50.0
2023-04-24,38.0,33.0
2023-04-25,55.0,48.0
2023-04-26,38.0,34.0
2023-04-27,50.0,44.0
2023-04-28,35.0,28.0
2023-04-29,47.0,41.0
2023-04-30,45.0,39.0
2023-05-01,27.0,24.0
2023-05-02,42.0,36.0
2023-05-03,17.0,11.0
2023-05-04,37.0,31.0
2023-05-05,55.0,42.0
2023-05-06,38.0,32.0
2023-05-07,37.0,30.0
2023-05-08,35.0,26.0
2023-05-09,37.0,29.0
2023-05-10,25.0,22.0
2023-05-11,37.0,30.0
2023-05-12,33.0,28.0
2023-05-13,34.0,28.0
2023-05-14,34.0,27.0
2023-05-15,33.0,27.0
2023-05-16,33.0,27.0
2023-05-17,32.0,27.0
2023-05-18,33.0,27.0
2023-05-19,34.0,28.0
2023-05-20,33.0,27.0
2023-05-21,33.0,27.0
2023-05-22,33.0,27.0
2023-05-23,31.0,30.0
2023-05-24,32.0,27.0
2023-05-25,32.0,27.0
2023-05-26,32.0,27.0
2023-05-27,32.0,27.0
2023-05-28,32.0,27.0
2023-05-29,26.0,23.0
2023-05-30,31.0,26.0
2023-05-31,31.0,26.0
2023-06-01,19.0,15.0
2023-06-02,29.0,24.0
2023-06-03,28.0,24.0
2023-06-04,28.0,23.0
2023-06-05,19.0,14.0
2023-06-06,51.0,32.0
2023-06-07,28.0,20.0
2023-06-08,28.0,21.0
2023-06-09,30.0,22.0
2023-06-10,30.0,22.0
2023-06-11,30.0,22.0
2023-06-12,26.0,19.0
2023-06-13,31.0,22.0
2023-06-14,29.0,21.0
2023-06-15,29.0,21.0
2023-06-16,29.0,21.0
2023-06-17,29.0,21.0
2023-06-18,29.0,21.0
2023-06-19,29.0,24.0
2023-06-20,29.0,21.0
2023-06-21,27.0,21.0
2023-06-22,28.0,21.0
2023-06-23,27.0,27.0
2023-06-24,28.0,22.0
2023-06-25,28.0,22.0
2023-06-26,21.0,18.0
2023-06-27,26.0,21.0
2023-06-28,16.0,11.0
2023-06-29,24.0,20.0
2023-06-30,21.0,15.0
2023-07-01,23.0,18.0
2023-07-02,22.0,17.0
2023-07-03,21.0,17.0
2023-07-04,21.0,17.0
2023-07-05,22.0,21.0
2023-07-06,22.0,17.0
2023-07-07,21.0,17.0
2023-07-08,21.0,17.0
2023-07-09,21.0,17.0
2023-07-10,21.0,17.0
2023-07-11,29.0,24.0
2023-07-12,22.0,18.0
2023-07-13,22.0,18.0
2023-07-14,41.0,38.0
2023-07-15,25.0,21.0
2023-07-16,25.0,21.0
2023-07-17,30.0,25.0
2023-07-18,27.0,23.0
2023-07-19,27.0,23.0
2023-07-20,33.0,30.0
2023-07-21,29.0,25.0
2023-07-22,28.0,24.0
2023-07-23,28.0,24.0
2023-07-24,28.0,24.0
2023-07-25,28.0,24.0
2023-07-26,28.0,24.0
2023-07-27,28.0,25.0
2023-07-28,23.0,18.0
2023-07-29,27.0,23.0
2023-07-30,27.0,23.0
2023-07-31,27.0,23.0
2023-08-01,26.0,22.0
2023-08-02,22.0,20.0
2023-08-03,25.0,22.0
2023-08-04,25.0,20.0
2023-08-05,25.0,21.0
2023-08-06,25.0,21.0
2023-08-07,25.0,21.0
2023-08-08,24.0,21.0
2023-08-09,34.0,28.0
2023-08-10,26.0,22.0
2023-08-11,24.0,20.0
2023-08-12,26.0,22.0
2023-08-13,26.0,22.0
2023-08-14,26.0,22.0
2023-08-15,26.0,22.0
2023-08-16,47.0,37.0
2023-08-17,28.0,23.0
2023-08-18,65.0,55.0
2023-08-19,34.0,29.0
2023-08-20,36.0,30.0
2023-08-21,47.0,34.0
2023-08-22,40.0,32.0
2023-08-23,112.0,102.0
2023-08-24,51.0,43.0
2023-08-25,36.0,26.0
2023-08-26,50.0,42.0
2023-08-27,53.0,44.0
2023-08-28,154.0,133.0
2023-08-29,70.0,60.0
2023-08-30,55.0,41.0
2023-08-31,67.0,55.0
2023-09-01,25.0,21.0
2023-09-02,67.0,56.0
2023-09-03,70.0,58.0
2023-09-04,41.0,38.0
2023-09-05,56.0,47.0
2023-09-06,95.0,84.0
2023-09-07,60.0,51.0
2023-09-08,33.0,28.0
2023-09-09,60.0,51.0
2023-09-10,59.0,51.0
2023-09-11,48.0,29.0
2023-09-12,58.0,48.0
2023-09-13,25.0,19.0
2023-09-14,49.0,39.0
2023-09-15,74.0,67.0
2023-09-16,53.0,43.0
2023-09-17,52.0,42.0
2023-09-18,56.0,36.0
2023-09-19,43.0,38.0
2023-09-20,62.0,56.0
2023-09-21,39.0,33.0
2023-09-22,40.0,34.0
2023-09-23,49.0,40.0
2023-09-24,48.0,39.0
2023-09-25,24.0,19.0
2023-09-26,27.0,23.0
2023-09-27,41.0,34.0
2023-09-28,30.0,22.0
2023-09-29,47.0,34.0
2023-09-30,38.0,30.0
2023-10-01,36.0,28.0
2023-10-02,39.0,29.0
2023-10-03,36.0,28.0
2023-10-04,38.0,29.0
2023-10-05,37.0,28.0
2023-10-06,45.0,36.0
2023-10-07,38.0,29.0
2023-10-08,38.0,29.0
2023-10-09,28.0,24.0
2023-10-10,28.0,24.0
2023-10-11,23.0,20.0
2023-10-12,32.0,27.0
2023-10-13,28.0,26.0
2023-10-14,30.0,25.0
2023-10-15,29.0,25.0
2023-10-16,63.0,49.0
2023-10-17,37.0,26.0
2023-10-18,34.0,28.0
2023-10-19,36.0,29.0
2023-10-20,36.0,29.0
2023-10-21,37.0,30.0
2023-10-22,38.0,30.0
2023-10-23,40.0,31.0
2023-10-24,36.0,29.0
2023-10-25,36.0,29.0
2023-10-26,198.0,186.0
2023-10-27,135.0,125.0
2023-10-28,74.0,65.0
2023-10-29,79.0,70.0
2023-10-30,116.0,113.0
2023-10-31,119.0,109.0
2023-11-01,163.0,144.0
2023-11-02,126.0,116.0
2023-11-03,116.0,106.0
2023-11-04,113.0,103.0
2023-11-05,118.0,108.0
2023-11-06,87.0,81.0
2023-11-07,103.0,99.0
2023-11-08,118.0,108.0
2023-11-09,130.0,122.0
2023-11-10,100.0,91.0
2023-11-11,109.0,101.0
2023-11-12,109.0,101.0
2023-11-13,208.0,199.0
2023-11-14,125.0,117.0
2023-11-15,208.0,200.0
2023-11-16,151.0,142.0
2023-11-17,144.0,135.0
2023-11-18,150.0,142.0
2023-11-19,156.0,148.0
2023-11-20,97.0,90.0
2023-11-21,79.0,71.0
2023-11-22,156.0,135.0
2023-11-23,86.0,79.0
2023-11-24,110.0,105.0
2023-11-25,143.0,126.0
2023-11-26,118.0,107.0
2023-11-27,138.0,125.0
2023-11-28,65.0,60.0
2023-11-29,70.0,64.0
2023-11-30,74.0,65.0
2023-12-01,102.0,93.0
2023-12-02,101.0,91.0
2023-12-03,95.0,86.0
2023-12-04,92.0,83.0
2023-12-05,93.0,85.0
2023-12-06,200.0,194.0
2023-12-07,146.0,142.0
2023-12-08,126.0,111.0
2023-12-09,121.0,113.0
2023-12-10,124.0,116.0
2023-12-11,120.0,104.0
2023-12-12,96.0,89.0
2023-12-13,115.0,108.0
2023-12-14,121.0,111.0
2023-12-15,102.0,92.0
2023-12-16,114.0,104.0
2023-12-17,113.0,103.0
2023-12-18,82.0,67.0
2023-12-19,112.0,96.0
2023-12-20,212.0,183.0
2023-12-21,117.0,101.0
2023-12-22,100.0,88.0
2023-12-23,121.0,106.0
2023-12-24,122.0,106.0
2023-12-25,87.0,79.0
2023-12-26,101.0,83.0
2023-12-27,115.0,99.0
2023-12-28,95.0,84.0
2023-12-29,71.0,61.0
2023-12-30,77.0,67.0
2023-12-31,95.0,82.0
2024-01-01,91.0,79.0
2024-01-02,124.0,118.0
2024-01-03,95.0,84.0
2024-01-04,91.0,83.0
2024-01-05,69.0,61.0
2024-01-06,91.0,82.0
2024-01-07,93.0,84.0
2024-01-08,79.0,75.0
2024-01-09,80.0,71.0
2024-01-10,136.0,117.0
2024-01-11,91.0,81.0
2024-01-12,96.0,83.0
2024-01-13,95.0,84.0
2024-01-14,95.0,85.0
2024-01-15,98.0,93.0
2024-01-16,83.0,72.0
2024-01-17,104.0,93.0
2024-01-18,126.0,122.0
2024-01-19,70.0,63.0
2024-01-20,95.0,87.0
2024-01-21,95.0,87.0
2024-01-22,95.0,88.0
2024-01-23,65.0,60.0
2024-01-24,134.0,128.0
2024-01-25,97.0,90.0
2024-01-26,77.0,67.0
2024-01-27,94.0,86.0
2024-01-28,93.0,86.0
2024-01-29,93.0,86.0
2024-01-30,93.0,86.0
2024-01-31,97.0,89.0
2024-02-01,76.0,72.0
2024-02-02,89.0,81.0
2024-02-03,90.0,83.0
2024-02-04,90.0,83.0
2024-02-05,89.0,83.0
2024-02-06,89.0,82.0
2024-02-07,78.0,72.0
2024-02-08,108.0,85.0
2024-02-09,52.0,43.0
2024-02-10,85.0,75.0
2024-02-11,84.0,74.0
2024-02-12,83.0,73.0
2024-02-13,59.0,55.0
2024-02-14,97.0,89.0
2024-02-15,81.0,70.0
2024-02-16,99.0,91.0
2024-02-17,84.0,75.0
2024-02-18,83.0,75.0
2024-02-19,84.0,77.0
2024-02-20,114.0,106.0
2024-02-21,84.0,77.0
2024-02-22,78.0,75.0
2024-02-23,66.0,57.0
2024-02-24,84.0,77.0
2024-02-25,84.0,77.0
2024-02-26,82.0,63.0
2024-02-27,119.0,109.0
2024-02-28,91.0,80.0
2024-02-29,83.0,66.0
2024-03-01,129.0,120.0
2024-03-02,96.0,84.0
2024-03-03,97.0,85.0
2024-03-04,134.0,115.0
2024-03-05,153.0,141.0
2024-03-06,201.0,186.0
2024-03-07,112.0,105.0
2024-03-08,121.0,107.0
2024-03-09,130.0,117.0
2024-03-10,135.0,122.0
2024-03-11,162.0,145.0
2024-03-12,148.0,123.0
2024-03-13,176.0,160.0
2024-03-14,184.0,167.0
2024-03-15,162.0,138.0
2024-03-16,156.0,138.0
2024-03-17,160.0,141.0
2024-03-18,133.0,114.0
2024-03-19,113.0,100.0
2024-03-20,145.0,130.0
2024-03-21,150.0,132.0
2024-03-22,120.0,105.0
2024-03-23,139.0,122.0
2024-03-24,137.0,120.0
2024-03-25,101.0,96.0
2024-03-26,103.0,92.0
2024-03-27,179.0,165.0
2024-03-28,149.0,136.0
2024-03-29,137.0,122.0
2024-03-30,135.0,121.0
2024-03-31,134.0,121.0
2024-04-01,95.0,85.0
2024-04-02,105.0,89.0
2024-04-03,134.0,125.0
2024-04-04,107.0,93.0
2024-04-05,84.0,76.0
2024-04-06,113.0,101.0
2024-04-07,110.0,98.0
2024-04-08,106.0,95.0
2024-04-09,132.0,118.0
2024-04-10,131.0,125.0
2024-04-11,140.0,126.0
2024-04-12,86.0,79.0
2024-04-13,116.0,106.0
2024-04-14,117.0,106.0
2024-04-15,118.0,107.0
2024-04-16,107.0,94.0
2024-04-17,97.0,82.0
2024-04-18,67.0,56.0
2024-04-19,77.0,70.0
2024-04-20,99.0,88.0
2024-04-21,97.0,86.0
2024-04-22,78.0,75.0
2024-04-23,87.0,85.0
2024-04-24,103.0,89.0
2024-04-25,85.0,71.0
2024-04-26,89.0,80.0
2024-04-27,91.0,82.0
2024-04-28,90.0,81.0
2024-04-29,48.0,42.0
2024-04-30,65.0,61.0
2024-05-01,73.0,66.0
2024-05-02,86.0,79.0
2024-05-03,138.0,119.0
2024-05-04,84.0,75.0
2024-05-05,83.0,74.0
2024-05-06,45.0,43.0
2024-05-07,97.0,90.0
2024-05-08,118.0,109.0
2024-05-09,77.0,68.0
2024-05-10,65.0,61.0
2024-05-11,81.0,74.0
2024-05-12,80.0,74.0
2024-05-13,102.0,93.0
2024-05-14,58.0,54.0
2024-05-15,116.0,107.0
2024-05-16,115.0,111.0
2024-05-17,82.0,78.0
2024-05-18,90.0,84.0
2024-05-19,91.0,85.0
2024-05-20,89.0,83.0
2024-05-21,63.0,54.0
2024-05-22,114.0,103.0
2024-05-23,83.0,76.0
2024-05-24,88.0,75.0
2024-05-25,88.0,80.0
2024-05-26,88.0,79.0
2024-05-27,114.0,106.0
2024-05-28,91.0,84.0
2024-05-29,83.0,77.0
2024-05-30,92.0,89.0
2024-05-31,103.0,88.0
2024-06-01,94.0,86.0
2024-06-02,95.0,87.0
2024-06-03,88.0,77.0
2024-06-04,75.0,70.0
2024-06-05,87.0,75.0
2024-06-06,83.0,73.0
2024-06-07,78.0,72.0
2024-06-08,85.0,77.0
2024-06-09,84.0,75.0
2024-06-10,103.0,94.0
2024-06-11,96.0,90.0
2024-06-12,117.0,106.0
2024-06-13,143.0,132.0
2024-06-14,113.0,87.0
2024-06-15,105.0,94.0
2024-06-16,108.0,96.0
2024-06-17,112.0,104.0
2024-06-18,92.0,86.0
2024-06-19,85.0,78.0
2024-06-20,99.0,91.0
2024-06-21,113.0,104.0
2024-06-22,102.0,93.0
2024-06-23,101.0,93.0
2024-06-24,74.0,61.0
2024-06-25,73.0,67.0
2024-06-26,68.0,67.0
2024-06-27,114.0,104.0
2024-06-28,120.0,114.0
2024-06-29,93.0,85.0
2024-06-30,91.0,84.0
2024-07-01,152.0,137.0
2024-07-02,68.0,60.0
2024-07-03,91.0,83.0
2024-07-04,112.0,96.0
2024-07-05,128.0,108.0
2024-07-06,105.0,93.0
2024-07-07,106.0,94.0
2024-07-08,96.0,89.0
2024-07-09,83.0,75.0
2024-07-10,78.0,73.0
2024-07-11,118.0,112.0
2024-07-12,78.0,68.0
2024-07-13,94.0,86.0
2024-07-14,93.0,85.0
2024-07-15,70.0,54.0
2024-07-16,73.0,64.0
2024-07-17,84.0,65.0
2024-07-18,84.0,79.0
2024-07-19,71.0,63.0
2024-07-20,56.0,43.0
2024-07-21,75.0,64.0
2024-07-22,97.0,90.0
2024-07-23,73.0,69.0
2024-07-24,85.0,75.0
2024-07-25,80.0,75.0
2024-07-26,68.0,63.0
2024-07-27,76.0,68.0
2024-07-28,79.0,72.0
2024-07-29,94.0,89.0
2024-07-30,88.0,85.0
2024-07-31,77.0,73.0
2024-08-01,93.0,85.0
2024-08-02,117.0,96.0
2024-08-03,89.0,81.0
2024-08-04,91.0,83.0
2024-08-05,98.0,70.0
2024-08-06,82.0,75.0
2024-08-07,113.0,100.0
2024-08-08,118.0,100.0
2024-08-09,101.0,86.0
2024-08-10,98.0,85.0
2024-08-11,100.0,85.0
2024-08-12,73.0,61.0
2024-08-13,76.0,55.0
2024-08-14,155.0,147.0
2024-08-15,118.0,102.0
2024-08-16,92.0,82.0
2024-08-17,101.0,88.0
2024-08-18,102.0,88.0
2024-08-19,103.0,94.0
2024-08-20,106.0,93.0
2024-08-21,115.0,104.0
2024-08-22,80.0,74.0
2024-08-23,96.0,83.0
2024-08-24,99.0,77.0
2024-08-25,100.0,87.0
2024-08-26,96.0,92.0
2024-08-27,99.0,91.0
2024-08-28,116.0,91.0
2024-08-29,113.0,101.0
2024-08-30,129.0,120.0
2024-08-31,107.0,94.0
2024-09-01,108.0,96.0
2024-09-02,116.0,94.0
2024-09-03,148.0,138.0
2024-09-04,119.0,104.0
2024-09-05,125.0,116.0
2024-09-06,112.0,98.0
2024-09-07,151.0,130.0
2024-09-08,125.0,110.0
2024-09-09,151.0,136.0
2024-09-10,93.0,86.0
2024-09-11,119.0,112.0
2024-09-12,123.0,104.0
2024-09-13,106.0,100.0
2024-09-14,124.0,111.0
2024-09-15,120.0,108.0
2024-09-16,141.0,129.0
2024-09-17,99.0,91.0
2024-09-18,113.0,101.0
2024-09-19,100.0,92.0
2024-09-20,101.0,95.0
2024-09-21,114.0,103.0
2024-09-22,112.0,102.0
2024-09-23,135.0,130.0
2024-09-24,135.0,128.0
2024-09-25,153.0,142.0
2024-09-26,167.0,156.0
2024-09-27,151.0,139.0
2024-09-28,138.0,128.0
2024-09-29,141.0,132.0
2024-09-30,112.0,97.0
2024-10-01,117.0,108.0
2024-10-02,116.0,98.0
2024-10-03,115.0,109.0
2024-10-04,127.0,115.0
2024-10-05,123.0,112.0
2024-10-06,121.0,110.0
2024-10-07,116.0,105.0
2024-10-08,139.0,115.0
2024-10-09,122.0,109.0
2024-10-10,89.0,82.0
2024-10-11,98.0,95.0
2024-10-12,115.0,104.0
2024-10-13,114.0,102.0
2024-10-14,121.0,112.0
2024-10-15,129.0,121.0
2024-10-16,95.0,87.0
2024-10-17,110.0,101.0
2024-10-18,100.0,88.0
2024-10-19,112.0,102.0
2024-10-20,111.0,101.0
2024-10-21,103.0,92.0
2024-10-22,85.0,77.0
2024-10-23,82.0,71.0
2024-10-24,86.0,81.0
2024-10-25,100.0,91.0
2024-10-26,97.0,87.0
2024-10-27,94.0,85.0
2024-10-28,97.0,88.0
2024-10-29,145.0,133.0
2024-10-30,120.0,101.0
2024-10-31,150.0,138.0
2024-11-01,110.0,100.0
2024-11-02,116.0,104.0
2024-11-03,118.0,107.0
2024-11-04,144.0,125.0
2024-11-05,91.0,81.0
2024-11-06,171.0,161.0
2024-11-07,60.0,49.0
2024-11-08,168.0,159.0
2024-11-09,124.0,112.0
2024-11-10,94.0,84.0
2024-11-11,204.0,193.0
2024-11-12,167.0,154.0
2024-11-13,153.0,133.0
2024-11-14,138.0,127.0
2024-11-15,163.0,145.0
2024-11-16,142.0,131.0
2024-11-17,126.0,104.0
2024-11-18,273.0,252.0
2024-11-19,167.0,151.0
2024-11-20,283.0,235.0
2024-11-21,296.0,261.0
2024-11-22,190.0,170.0
2024-11-23,211.0,186.0
2024-11-24,220.0,194.0
2024-11-25,234.0,207.0
2024-11-26,239.0,219.0
2024-11-27,239.0,210.0
2024-11-28,232.0,206.0
2024-11-29,223.0,198.0
2024-11-30,228.0,202.0
2024-12-01,230.0,205.0
2024-12-02,232.0,206.0
2024-12-03,231.0,206.0
2024-12-04,230.0,204.0
2024-12-05,229.0,203.0
2024-12-06,229.0,203.0
2024-12-07,229.0,204.0
2024-12-08,230.0,204.0
2024-12-09,230.0,204.0
2024-12-10,229.0,204.0
2024-12-11,229.0,203.0
2024-12-12,237.0,219.0
2024-12-13,242.0,189.0
2024-12-14,232.28571428571428,203.8571428571429
2024-12-15,232.75510204081635,203.8367346938776
2024-12-16,200.0,183.0
2024-12-17,203.0,175.0
2024-12-18,223.0,202.0
2024-12-19,177.0,150.0
2024-12-20,265.0,215.0
2024-12-21,82.0,60.0
2024-12-22,197.53644314868805,169.83381924198252
2024-12-23,106.0,95.0
2024-12-24,120.0,114.0
2024-12-25,156.0,144.0
2024-12-26,139.0,124.0
2024-12-27,92.0,75.0
2024-12-28,86.0,80.0
2024-12-29,48.0,40.0
2024-12-30,135.0,120.0
2024-12-31,162.0,144.0
2025-01-01,154.0,136.0
2025-01-02,122.0,107.0
2025-01-03,213.0,202.0
2025-01-04,190.0,169.0
2025-01-05,208.0,195.0
2025-01-06,139.0,127.0
2025-01-07,176.0,166.0
2025-01-08,199.0,165.0
2025-01-09,178.0,155.0
2025-01-10,179.0,171.0
2025-01-11,135.0,112.0
2025-01-12,119.0,108.0
2025-01-13,143.0,117.0
2025-01-14,219.0,195.0
2025-01-15,163.0,148.0
2025-01-16,204.0,181.0
2025-01-17,185.0,167.0
2025-01-18,122.0,95.0
2025-01-19,118.0,88.0
2025-01-20,135.0,113.0
2025-01-21,153.0,132.0
2025-01-22,159.0,146.0
2025-01-23,271.0,241.0
2025-01-24,282.0,247.0
2025-01-25,55.0,37.0
2025-01-26,219.0,138.0
2025-01-27,223.0,194.0
2025-01-28,253.0,201.0
2025-01-29,243.0,211.0
2025-01-30,273.0,227.0
2025-01-31,141.0,125.0
2025-02-01,109.0,92.0
2025-02-02,137.0,77.0
2025-02-03,365.0,299.0
2025-02-04,272.0,244.0
2025-02-05,211.0,175.0
2025-02-06,181.0,157.0
2025-02-07,300.0,266.0
2025-02-08,200.0,141.0
2025-02-09,191.0,125.0
2025-02-10,160.0,145.0
2025-02-11,151.0,138.0
2025-02-12,147.0,130.0
2025-02-13,136.0,109.0
2025-02-14,124.0,107.0
2025-02-15,116.0,88.0
2025-02-16,100.0,90.0
2025-02-17,131.0,112.0
2025-02-18,160.0,136.0
2025-02-19,169.0,151.0
2025-02-20,157.0,146.0
2025-02-21,163.0,161.0
2025-02-22,139.0,110.0
2025-02-23,146.0,140.0
2025-02-24,173.0,121.0
2025-02-25,199.0,173.0
2025-02-26,201.0,157.0
2025-02-27,298.0,239.0
2025-02-28,179.0,139.0
2025-03-01,147.0,129.0
2025-03-02,190.0,140.0
2025-03-03,125.0,110.0
2025-03-04,144.0,122.0
2025-03-05,139.0,114.0
2025-03-06,170.0,149.0
2025-03-07,179.0,155.0
2025-03-08,157.0,138.0
2025-03-09,152.0,127.0
2025-03-10,126.0,110.0
2025-03-11,115.0,102.0
2025-03-12,135.0,120.0
2025-03-13,116.0,99.0
2025-03-14,116.0,103.0
2025-03-15,106.0,96.0
2025-03-16,89.0,75.0
2025-03-17,78.0,66.0
2025-03-18,197.0,188.0
2025-03-19,88.0,81.0
2025-03-20,141.0,123.0
2025-03-21,115.0,106.0
2025-03-22,53.0,45.0
2025-03-23,150.0,141.0
2025-03-24,136.0,108.0
2025-03-25,88.0,71.0
2025-03-26,100.0,92.0
2025-03-27,36.0,34.0
2025-03-28,21.0,16.0
2025-03-29,123.0,109.0
2025-03-30,35.0,31.0
2025-03-31,153.0,134.0
2025-04-01,60.0,52.0
2025-04-02,107.0,93.0
2025-04-03,59.0,56.0
2025-04-04,139.0,124.0
2025-04-05,96.0,84.0
2025-04-06,47.0,34.0
2025-04-07,46.0,45.0
2025-04-08,87.0,83.0
2025-04-09,64.0,58.0
2025-04-10,38.0,37.0
2025-04-11,33.0,30.0
2025-04-12,75.0,69.0
2025-04-13,87.0,84.0
2025-04-14,60.0,54.0
2025-04-15,102.0,101.0
2025-04-16,48.0,44.0
2025-04-17,30.0,28.0
2025-04-18,36.0,35.0
2025-04-19,31.0,27.0
